11092026-172707p9110001	11092026_172707P9110001.jpg
11092026-172854p9110003	11092026_172854P9110003.jpg
11092026-173133p9110005	11092026_173133P9110005.jpg
11092026-173147p9110006	11092026_173147P9110006.jpg
11092026-173500p9110010	11092026_173500P9110010.jpg
11092026-173648p9110013	11092026_173648P9110013.jpg
11092026-174001p9110019	11092026_174001P9110019.jpg
11092026-185659p9110024	11092026_185659P9110024.jpg
11092026-190153p9110025	11092026_190153P9110025.jpg
11092026-200012p9111035-under-spider-stack	11092026_200012P9111035 under spider stack.jpg
11092026-200012p9111035	11092026_200012P9111035.jpg
11092026-200200p9111040	11092026_200200P9111040.jpg
11092026-200213p9111041	11092026_200213P9111041.jpg
11092026-200240p9111043	11092026_200240P9111043.jpg
11092026-200243p9111044	11092026_200243P9111044.jpg
11092026-200244p9111045	11092026_200244P9111045.jpg
11092026-200254p9111048	11092026_200254P9111048.jpg
11092026-200303p9111050	11092026_200303P9111050.jpg
11092026-200310p9111051	11092026_200310P9111051.jpg
11092026-200341p9111055	11092026_200341P9111055.jpg
11092026-200351p9111056	11092026_200351P9111056.jpg
11092026-200357p9111057	11092026_200357P9111057.jpg
11092026-200402p9111059	11092026_200402P9111059.jpg
11092026-200404p9111060	11092026_200404P9111060.jpg
11092026-200407p9111061	11092026_200407P9111061.jpg
11092026-200828p9111073	11092026_200828P9111073.jpg
11092026-200832p9111074	11092026_200832P9111074.jpg
11092026-201904p9111337-stack	11092026_201904P9111337 stack.jpg
11092026-201904p9111337	11092026_201904P9111337.jpg
12092026-081712p9120050wasp	12092026_081712P9120050wasp.jpg
12092026-081712p9120052wasp-stack	12092026_081712P9120052wasp stack.jpg
12092026-081712p9120052wasp	12092026_081712P9120052wasp.jpg
12092026-123035p9120046-01sydney-cbd-copy	12092026_123035P9120046_01Sydney CBD - Copy.jpg
12092026-123056p9120052-01sydney-cbd-copy	12092026_123056P9120052_01Sydney CBD - Copy.jpg
12092026-123301p9120055-01sydney-cbd-copy	12092026_123301P9120055_01Sydney CBD - Copy.jpg
12092026-123606p9120061-01sydney-cbd-copy	12092026_123606P9120061_01Sydney CBD - Copy.jpg
12092026-123631p9120067-01sydney-cbd-copy	12092026_123631P9120067_01Sydney CBD - Copy.jpg
12092026-124003p9120074sydney-cbd-copy	12092026_124003P9120074Sydney CBD - Copy.jpg
12092026-124436p9120089sydney-cbd-copy	12092026_124436P9120089Sydney CBD - Copy.jpg
12092026-124523p9120095sydney-cbd-copy	12092026_124523P9120095Sydney CBD - Copy.jpg
12092026-124543p9120101sydney-cbd-copy	12092026_124543P9120101Sydney CBD - Copy.jpg
12092026-124552p9120107sydney-cbd-copy	12092026_124552P9120107Sydney CBD - Copy.jpg
12092026-124612p9120113sydney-cbd-copy	12092026_124612P9120113Sydney CBD - Copy.jpg
12092026-124739p9120119sydney-cbd-copy	12092026_124739P9120119Sydney CBD - Copy.jpg
12092026-124824p9120125sydney-cbd-copy	12092026_124824P9120125Sydney CBD - Copy.jpg
12092026-124839p9120128sydney-cbd-copy	12092026_124839P9120128Sydney CBD - Copy.jpg
12092026-125221p9120136sydney-cbd-copy	12092026_125221P9120136Sydney CBD - Copy.jpg
12092026-125843p9120169sydney-cbd-copy	12092026_125843P9120169Sydney CBD - Copy.jpg
12092026-130047p9120183sydney-cbd-copy	12092026_130047P9120183Sydney CBD - Copy.jpg
12092026-130156p9120189sydney-cbd-copy	12092026_130156P9120189Sydney CBD - Copy.jpg
12092026-130258p9120201sydney-cbd-copy	12092026_130258P9120201Sydney CBD - Copy.jpg
12092026-130403p9120210sydney-cbd-copy	12092026_130403P9120210Sydney CBD - Copy.jpg
12092026-130418p9120213sydney-cbd-copy	12092026_130418P9120213Sydney CBD - Copy.jpg
12092026-130420p9120216sydney-cbd-copy	12092026_130420P9120216Sydney CBD - Copy.jpg
12092026-130502p9120222sydney-cbd-copy	12092026_130502P9120222Sydney CBD - Copy.jpg
12092026-131127p9120236sydney-cbd-copy	12092026_131127P9120236Sydney CBD - Copy.jpg
12092026-131238p9120245sydney-cbd-copy	12092026_131238P9120245Sydney CBD - Copy.jpg
12092026-131505p9120257sydney-cbd-copy	12092026_131505P9120257Sydney CBD - Copy.jpg
12092026-131508p9120260sydney-cbd-copy	12092026_131508P9120260Sydney CBD - Copy.jpg
12092026-131554p9120269sydney-cbd-copy	12092026_131554P9120269Sydney CBD - Copy.jpg
12092026-131600p9120275sydney-cbd-copy	12092026_131600P9120275Sydney CBD - Copy.jpg
12092026-131717p9120284sydney-cbd-copy	12092026_131717P9120284Sydney CBD - Copy.jpg
12092026-131721p9120287sydney-cbd-copy	12092026_131721P9120287Sydney CBD - Copy.jpg
12092026-131736p9120290sydney-cbd-copy	12092026_131736P9120290Sydney CBD - Copy.jpg
12092026-131947p9120308sydney-cbd-8stack	12092026_131947P9120308Sydney CBD 8stack.jpg
12092026-132044p9120399-01sydney-cbd-8stack	12092026_132044P9120399_01Sydney CBD 8stack.jpg
12092026-132418p9120736-01sydney-cbd-copy	12092026_132418P9120736_01Sydney CBD - Copy.jpg
12092026-132428p9120737-01sydney-cbd-copy	12092026_132428P9120737_01Sydney CBD - Copy.jpg
12092026-132503p9120740-01sydney-cbd-copy	12092026_132503P9120740_01Sydney CBD - Copy.jpg
12092026-132646p9120743-01sydney-cbd-copy	12092026_132646P9120743_01Sydney CBD - Copy.jpg
12092026-132652p9120744-01sydney-cbd-copy	12092026_132652P9120744_01Sydney CBD - Copy.jpg
12092026-132706p9120746-01sydney-cbd-copy	12092026_132706P9120746_01Sydney CBD - Copy.jpg
12092026-132713p9120747-01sydney-cbd-copy	12092026_132713P9120747_01Sydney CBD - Copy.jpg
12092026-132725p9120748-01sydney-cbd-copy	12092026_132725P9120748_01Sydney CBD - Copy.jpg
12092026-132739p9120749-01sydney-cbd-copy	12092026_132739P9120749_01Sydney CBD - Copy.jpg
12092026-132811p9120753-01sydney-cbd-copy	12092026_132811P9120753_01Sydney CBD - Copy.jpg
12092026-132910p9120755-01sydney-cbd-copy	12092026_132910P9120755_01Sydney CBD - Copy.jpg
12092026-132938p9120758-01sydney-cbd-copy	12092026_132938P9120758_01Sydney CBD - Copy.jpg
12092026-133003p9120761-01sydney-cbd-copy	12092026_133003P9120761_01Sydney CBD - Copy.jpg
12092026-133030p9120767-01sydney-cbd-copy	12092026_133030P9120767_01Sydney CBD - Copy.jpg
12092026-133346p9120771-01sydney-cbd-copy	12092026_133346P9120771_01Sydney CBD - Copy.jpg
12092026-133401p9120772-01sydney-cbd-copy	12092026_133401P9120772_01Sydney CBD - Copy.jpg
12092026-133423p9120773-01sydney-cbd-copy	12092026_133423P9120773_01Sydney CBD - Copy.jpg
12092026-133447p9120775-01sydney-cbd-copy	12092026_133447P9120775_01Sydney CBD - Copy.jpg
12092026-133616p9120781sydney-cbd-copy	12092026_133616P9120781Sydney CBD - Copy.jpg
12092026-133649p9120784sydney-cbd-copy	12092026_133649P9120784Sydney CBD - Copy.jpg
12092026-133656p9120786sydney-cbd-copy	12092026_133656P9120786Sydney CBD - Copy.jpg
12092026-134219p9120824sydney-cbd-copy	12092026_134219P9120824Sydney CBD - Copy.jpg
12092026-134230p9120825sydney-cbd-copy	12092026_134230P9120825Sydney CBD - Copy.jpg
12092026-134238p9120826sydney-cbd-copy	12092026_134238P9120826Sydney CBD - Copy.jpg
12092026-135523p9120836sydney-cbd-copy	12092026_135523P9120836Sydney CBD - Copy.jpg
12092026-141139p9120841sydney-cbd-copy	12092026_141139P9120841Sydney CBD - Copy.jpg
12092026-141147p9120842sydney-cbd-copy	12092026_141147P9120842Sydney CBD - Copy.jpg
12092026-141340p9120843sydney-cbd-copy	12092026_141340P9120843Sydney CBD - Copy.jpg
12092026-141433p9120844sydney-cbd-copy	12092026_141433P9120844Sydney CBD - Copy.jpg
12092026-141634p9120848sydney-cbd-copy	12092026_141634P9120848Sydney CBD - Copy.jpg
12092026-141938p9120849sydney-cbd-copy	12092026_141938P9120849Sydney CBD - Copy.jpg
12092026-141956p9120850sydney-cbd-copy	12092026_141956P9120850Sydney CBD - Copy.jpg
12092026-142001p9120851sydney-cbd-copy	12092026_142001P9120851Sydney CBD - Copy.jpg
12092026-142012p9120853sydney-cbd-copy	12092026_142012P9120853Sydney CBD - Copy.jpg
12092026-142257p9120855sydney-cbd-copy	12092026_142257P9120855Sydney CBD - Copy.jpg
12092026-142312p9120856sydney-cbd-copy	12092026_142312P9120856Sydney CBD - Copy.jpg
12092026-142320p9120857sydney-cbd-copy	12092026_142320P9120857Sydney CBD - Copy.jpg
12092026-142342p9120858sydney-cbd-copy	12092026_142342P9120858Sydney CBD - Copy.jpg
12092026-143005p9120861sydney-cbd-copy	12092026_143005P9120861Sydney CBD - Copy.jpg
12092026-143006p9120862sydney-cbd-copy	12092026_143006P9120862Sydney CBD - Copy.jpg
12092026-143010p9120865sydney-cbd-copy	12092026_143010P9120865Sydney CBD - Copy.jpg
12092026-143241p9120867sydney-cbd-copy	12092026_143241P9120867Sydney CBD - Copy.jpg
12092026-143338p9120873sydney-cbd-copy	12092026_143338P9120873Sydney CBD - Copy.jpg
12092026-143338p9120874sydney-cbd-copy	12092026_143338P9120874Sydney CBD - Copy.jpg
12092026-143342p9120876sydney-cbd-copy	12092026_143342P9120876Sydney CBD - Copy.jpg
12092026-143601p9120886sydney-cbd-copy	12092026_143601P9120886Sydney CBD - Copy.jpg
12092026-143608p9120887sydney-cbd-copy	12092026_143608P9120887Sydney CBD - Copy.jpg
12092026-143612p9120892sydney-cbd-copy	12092026_143612P9120892Sydney CBD - Copy.jpg
12092026-143615p9120893sydney-cbd-copy	12092026_143615P9120893Sydney CBD - Copy.jpg
12092026-143707p9120897sydney-cbd-copy	12092026_143707P9120897Sydney CBD - Copy.jpg
12092026-143752p9120902sydney-cbd-copy	12092026_143752P9120902Sydney CBD - Copy.jpg
12092026-143821p9120906sydney-cbd-copy	12092026_143821P9120906Sydney CBD - Copy.jpg
12092026-151247p9120921sydney-cbd-copy	12092026_151247P9120921Sydney CBD - Copy.jpg
12092026-151433p9120928sydney-cbd	12092026_151433P9120928Sydney CBD.jpg
12092026-151617p9120932sydney-cbd	12092026_151617P9120932Sydney CBD.jpg
12092026-151859p9120938sydney-cbd	12092026_151859P9120938Sydney CBD.jpg
12092026-152240p9120945sydney-cbd	12092026_152240P9120945Sydney CBD.jpg
12092026-152343p9120948sydney-cbd	12092026_152343P9120948Sydney CBD.jpg
12092026-152405p9120951sydney-cbd	12092026_152405P9120951Sydney CBD.jpg
12092026-153629p9120952sydney-cbd	12092026_153629P9120952Sydney CBD.jpg
12092026-154147p9120953sydney-cbd	12092026_154147P9120953Sydney CBD.jpg
12092026-154905p9120962sydney-cbd	12092026_154905P9120962Sydney CBD.jpg
12092026-155157p9120967sydney-cbd	12092026_155157P9120967Sydney CBD.jpg
12092026-155423p9120974sydney-cbd	12092026_155423P9120974Sydney CBD.jpg
12092026-155609p9120984sydney-cbd	12092026_155609P9120984Sydney CBD.jpg
12092026-155917p9120993sydney-cbd	12092026_155917P9120993Sydney CBD.jpg
12092026-160005p9120996sydney-cbd	12092026_160005P9120996Sydney CBD.jpg
12092026-160517p9121012sydney-cbd	12092026_160517P9121012Sydney CBD.jpg
12092026-185356p9120006uv-spider-2stack	12092026_185356P9120006UV Spider 2stack.jpg
billy	Billy.JPG
bus-stop	Bus-Stop.jpg
chloe-kiani	Chloe-kiani.JPG
grub-and-slug	Grub and Slug.jpg
mum-diana	mum - Diana.jpg
nathan-and-zeke1	Nathan and Zeke1.jpg
nathan-and-zeke2	Nathan and Zeke2.jpg
nathan	Nathan.jpg
orb-weaver1	Orb Weaver1.jpg
orb-weaver2	Orb Weaver2.jpg
orb-weaver3	Orb Weaver3.jpg
plane-quatari	Plane - Quatari.jpg
plane-virgin	Plane - Virgin.jpg
slava	Slava.JPG
spider-back	Spider back.jpg
spider-underside	Spider underside.jpg
sprout	Sprout.jpg
stack-2-spider	STACK-2-Spider.jpg
stack-p9040321	STACK-P9040321.jpg
timmy	Timmy.JPG
timmy2	Timmy2.JPG
timmy3	Timmy3.JPG
timmy4	Timmy4.JPG
timmy5	Timmy5.JPG
stack-dandelion-zs-pmax	STACK-DANDELION-ZS-PMax.jpg
stack-dandelionp9040361-01	STACK-DANDELIONP9040361_01.jpg
grub-stack-pmax	Grub Stack PMax.jpg
grub-single-sample	Grub Single Sample.jpg
13092026-095951p9130128glitter-oil-40stacked	13092026_095951P9130128glitter oil 40Stacked.jpg
13092026-100420p9130288glitter-oil-16stacked	13092026_100420P9130288glitter oil 16Stacked.jpg
13092026-100530p9130342glitter-oil	13092026_100530P9130342glitter oil.jpg
13092026-102322p9130373glitter-oil	13092026_102322P9130373glitter oil.jpg
13092026-102344p9130374glitter-oil	13092026_102344P9130374glitter oil.jpg
13092026-103907p9130382glitter-oil	13092026_103907P9130382glitter oil.jpg
13092026-104026p9130383glitter-oil	13092026_104026P9130383glitter oil.jpg
13092026-104210p9130388glitter-oil	13092026_104210P9130388glitter oil.jpg
13092026-104646p9130394glitter-oil	13092026_104646P9130394glitter oil.jpg
13092026-104923p9130397glitter-oil	13092026_104923P9130397glitter oil.jpg
13092026-105840p9130459glitter-oi-9stackedl	13092026_105840P9130459glitter oi 9Stackedl.jpg
13092026-105930p9130554glitter-oil	13092026_105930P9130554glitter oil.jpg
13092026-104233p9130389glitter-oil-negativish	13092026_104233P9130389glitter oil Negativish.jpg
13092026-131750p9130002glitter-oil-mc-20	13092026_131750P9130002glitter oil mc-20.jpg
13092026-131948p9130028-01glitter-oil-mc-20-32stacked	13092026_131948P9130028_01glitter oil mc-20 32Stacked.jpg
13092026-132032p9130105-01glitter-oil-mc-20	13092026_132032P9130105_01glitter oil mc-20.jpg
13092026-132219p9130202-01glitter-oil-mc-20-22stacked	13092026_132219P9130202_01glitter oil mc-20 22Stacked.jpg
13092026-132219p9130202-01glitter-oil-mc-20	13092026_132219P9130202_01glitter oil mc-20.jpg
13092026-132615p9130301-01glitter-oil-mc-20-10stacked	13092026_132615P9130301_01glitter oil mc-20 10stacked.jpg
13092026-132615p9130301-01glitter-oil-mc-20	13092026_132615P9130301_01glitter oil mc-20.jpg
13092026-132725p9130483-01glitter-oil-mc-20	13092026_132725P9130483_01glitter oil mc-20.jpg
13092026-132831p9130485-01glitter-oil-mc-20	13092026_132831P9130485_01glitter oil mc-20.jpg
13092026-132858p9130486-01glitter-oil-mc-20	13092026_132858P9130486_01glitter oil mc-20.jpg
13092026-133011p9130487-01glitter-oil-mc-20	13092026_133011P9130487_01glitter oil mc-20.jpg
13092026-133107p9130488-01glitter-oil-mc-20	13092026_133107P9130488_01glitter oil mc-20.jpg
13092026-133445p9130490-01glitter-oil-mc-20	13092026_133445P9130490_01glitter oil mc-20.jpg
13092026-161532p9130004last-dinosaurs-mc-20	13092026_161532P9130004last dinosaurs mc-20.jpg
13092026-161823p9130015last-dinosaurs-mc-20	13092026_161823P9130015last dinosaurs mc-20.jpg
13092026-161904p9130019last-dinosaurs-mc-20	13092026_161904P9130019last dinosaurs mc-20.jpg
13092026-161919p9130022last-dinosaurs-mc-20	13092026_161919P9130022last dinosaurs mc-20.jpg
13092026-162048p9130026-01last-dinosaurs-mc-20	13092026_162048P9130026_01last dinosaurs mc-20.jpg
13092026-162051p9130028-02last-dinosaurs-mc-20	13092026_162051P9130028_02last dinosaurs mc-20.jpg
13092026-162216p9130030-02last-dinosaurs-mc-20	13092026_162216P9130030_02last dinosaurs mc-20.jpg
13092026-162221p9130031-02last-dinosaurs-mc-20	13092026_162221P9130031_02last dinosaurs mc-20.jpg
13092026-162230p9130034-02last-dinosaurs-mc-20	13092026_162230P9130034_02last dinosaurs mc-20.jpg
13092026-162239p9130036-02last-dinosaurs-mc-20	13092026_162239P9130036_02last dinosaurs mc-20.jpg
13092026-162341p9130040-02last-dinosaurs-mc-20	13092026_162341P9130040_02last dinosaurs mc-20.jpg
13092026-162344p9130042-02last-dinosaurs-mc-20	13092026_162344P9130042_02last dinosaurs mc-20.jpg
13092026-162406p9130043-02last-dinosaurs-mc-20	13092026_162406P9130043_02last dinosaurs mc-20.jpg
13092026-162433p9130044-02last-dinosaurs-mc-20	13092026_162433P9130044_02last dinosaurs mc-20.jpg
13092026-162437p9130045-02last-dinosaurs-mc-20	13092026_162437P9130045_02last dinosaurs mc-20.jpg
13092026-162454p9130047-02last-dinosaurs-mc-20	13092026_162454P9130047_02last dinosaurs mc-20.jpg
13092026-162459p9130048-02last-dinosaurs-mc-20	13092026_162459P9130048_02last dinosaurs mc-20.jpg
13092026-162516p9130049-02last-dinosaurs-mc-20	13092026_162516P9130049_02last dinosaurs mc-20.jpg
13092026-162523p9130052-02last-dinosaurs-mc-20	13092026_162523P9130052_02last dinosaurs mc-20.jpg
13092026-162533p9130054-02last-dinosaurs-mc-20	13092026_162533P9130054_02last dinosaurs mc-20.jpg
13092026-162544p9130056-02last-dinosaurs-mc-20	13092026_162544P9130056_02last dinosaurs mc-20.jpg
13092026-180538p9130001frank	13092026_180538P9130001Frank.jpg
13092026-183135p9130095-01frank	13092026_183135P9130095_01Frank.jpg
13092026-183206p9130141-01frank	13092026_183206P9130141_01Frank.jpg
14092026-170006p9140017-alex-chin	14092026_170006P9140017 Alex Chin.jpg
14092026-170020p9140018-alex-eye	14092026_170020P9140018 Alex Eye.jpg
14092026-170023p9140019-alex-eye	14092026_170023P9140019 Alex Eye.jpg
14092026-170026p9140020-alex-eye	14092026_170026P9140020 Alex Eye.jpg
14092026-170402p9140021-alex	14092026_170402P9140021 Alex.jpg
14092026-170435p9140025-alex	14092026_170435P9140025 Alex.jpg
14092026-192938p9140110work-and-moss-20stacked	14092026_192938P9140110work and moss 20stacked.jpg
14092026-192938p9140110work-and-moss	14092026_192938P9140110work and moss.jpg
14092026-193312p9140182work-and-moss-mass-stack	14092026_193312P9140182work and moss mass stack.jpg
14092026-193312p9140182work-and-moss	14092026_193312P9140182work and moss.jpg
14092026-193540p9140324work-and-moss-30-stack	14092026_193540P9140324work and moss 30 stack.jpg
14092026-193540p9140324work-and-moss	14092026_193540P9140324work and moss.jpg
14092026-194038p9140624work-and-moss-messy-100stack	14092026_194038P9140624work and moss messy 100stack.jpg
14092026-194038p9140624work-and-moss	14092026_194038P9140624work and moss.jpg
14092026-194042p9140652work-and-moss-50-stacked	14092026_194042P9140652work and moss 50 stacked.jpg
15092026-140105p9150003-fluids-redux	15092026_140105P9150003 fluids redux.jpg
15092026-140211p9150010-fluids-redux-12stacked	15092026_140211P9150010 fluids redux 12stacked.jpg
15092026-140325p9150080-fluids-redux-12-stack	15092026_140325P9150080 fluids redux 12 stack.jpg
15092026-140445p9150300-fluids-redux-17stacked	15092026_140445P9150300 fluids redux 17stacked.jpg
15092026-140445p9150300-fluids-redux	15092026_140445P9150300 fluids redux.jpg
15092026-141441p9150645-fluids-redux-20stacked	15092026_141441P9150645 fluids redux 20stacked.jpg
15092026-141441p9150645-fluids-redux	15092026_141441P9150645 fluids redux.jpg
15092026-141528p9150748-fluids-redux-40stacked	15092026_141528P9150748 fluids redux 40stacked.jpg
15092026-141528p9150748-fluids-redux	15092026_141528P9150748 fluids redux.jpg
15092026-170642p9150014-01-mickaels-flowers-25stacked	15092026_170642P9150014_01 mickaels flowers 25stacked.jpg
15092026-170642p9150014-01-mickaels-flowers	15092026_170642P9150014_01 mickaels flowers.jpg
15092026-170801p9150100-mickaels-flowers-25-stacked	15092026_170801P9150100 mickaels flowers 25 stacked.jpg
15092026-170801p9150100-mickaels-flowers	15092026_170801P9150100 mickaels flowers.jpg
15092026-174550p9150027-01-michael-fender	15092026_174550P9150027_01 michael fender.jpg
15092026-174604p9150028-01-michael-fender	15092026_174604P9150028_01 michael fender.jpg
15092026-174630p9150030-01-michael-fender	15092026_174630P9150030_01 michael fender.jpg
15092026-174636p9150031-01-michael-fender	15092026_174636P9150031_01 michael fender.jpg
15092026-174652p9150033-01-michael-fender	15092026_174652P9150033_01 michael fender.jpg
p9150707-20-stacked	P9150707 20 stacked.jpg
15092026-190107p9150185-mirror-30stacked	15092026_190107P9150185 mirror 30stacked.jpg
15092026-190107p9150185-mirror	15092026_190107P9150185 mirror.jpg
16092026-184141p9160208-indoor-macro-24stacked	16092026_184141P9160208 indoor macro 24stacked.jpg
16092026-184141p9160208-indoor-macro	16092026_184141P9160208 indoor macro.jpg
16092026-184614p9160360-indoor-macro-40stacked	16092026_184614P9160360 indoor macro 40stacked.jpg
16092026-184614p9160360-indoor-macro	16092026_184614P9160360 indoor macro.jpg
16092026-184801p9160518-indoor-macro-50stacked	16092026_184801P9160518 indoor macro 50stacked.jpg
16092026-184801p9160518-indoor-macro	16092026_184801P9160518 indoor macro.jpg
16092026-190157p9161030-michael-at-work	16092026_190157P9161030 michael at work.jpg
16092026-190202p9161031-michael-at-work	16092026_190202P9161031 michael at work.jpg
16092026-190248p9161032-michael-at-work	16092026_190248P9161032 michael at work.jpg
16092026-190840p9161042-michael-at-work	16092026_190840P9161042 michael at work.jpg
16092026-190852p9161043-michael-at-work	16092026_190852P9161043 michael at work.jpg
16092026-190956p9161046-michael-at-work	16092026_190956P9161046 michael at work.jpg
16092026-191112p9161049-michael-at-work	16092026_191112P9161049 michael at work.jpg
16092026-191219p9161050-michael-at-work	16092026_191219P9161050 michael at work.jpg
16092026-191221p9161051-michael-at-work	16092026_191221P9161051 michael at work.jpg
16092026-191228p9161053-michael-at-work	16092026_191228P9161053 michael at work.jpg
16092026-191231p9161054-michael-at-work	16092026_191231P9161054 michael at work.jpg
16092026-191236p9161055-michael-at-work	16092026_191236P9161055 michael at work.jpg
16092026-191238p9161056-michael-at-work	16092026_191238P9161056 michael at work.jpg
16092026-191241p9161057-michael-at-work	16092026_191241P9161057 michael at work.jpg
17092026-163653p9170003-mix	17092026_163653P9170003 mix.jpg
17092026-163709p9170006-mix	17092026_163709P9170006 mix.jpg
17092026-163801p9170008-mix	17092026_163801P9170008 mix.jpg
17092026-163818p9170009-mix	17092026_163818P9170009 mix.jpg
17092026-163848p9170010-mix	17092026_163848P9170010 mix.jpg
17092026-174152p9170014-mix	17092026_174152P9170014 mix.jpg
18092026-195212p9180088-mix	18092026_195212P9180088 mix.jpg
18092026-195938p9180089-mix	18092026_195938P9180089 mix.jpg
19092026-122745p9190108-waterline	19092026_122745P9190108 waterline.jpg
19092026-123136p9190262-whelk-28stacked	19092026_123136P9190262 whelk 28stacked ----.jpg
19092026-123302p9190280-barnicles-1-10stacked	19092026_123302P9190280 barnicles 1 10stacked ------.jpg
19092026-123346p9190370-barnicles-2-40stacked	19092026_123346P9190370 barnicles 2 40stacked ----.jpg
19092026-123136p9190262-whelk	19092026_123136P9190262 whelk.jpg
19092026-123302p9190280-barnicles-1	19092026_123302P9190280 barnicles 1.jpg
19092026-123346p9190370-barnicles-2	19092026_123346P9190370 barnicles 2.jpg
19092026-123821p9190438-bay-landscape	19092026_123821P9190438 bay landscape.jpg
19092026-123845p9190465-bay-landscape	19092026_123845P9190465 bay landscape.jpg
19092026-124002p9190470-bay-landscape	19092026_124002P9190470 bay landscape.jpg
19092026-124127p9190474-bay-landscape	19092026_124127P9190474 bay landscape.jpg
19092026-124151p9190493-bay-landscape	19092026_124151P9190493 bay landscape.jpg
19092026-124259p9190514-bay-landscape	19092026_124259P9190514 bay landscape.jpg
19092026-124357p9190535-bay-landscape	19092026_124357P9190535 bay landscape.jpg
19092026-124517p9190537-bay-landscape	19092026_124517P9190537 bay landscape.jpg
19092026-124549p9190540-bay-landscape	19092026_124549P9190540 bay landscape.jpg
19092026-140734p9190560-ants	19092026_140734P9190560 ants.jpg
19092026-140742p9190570-ants	19092026_140742P9190570 ants.jpg
19092026-140743p9190571-ants	19092026_140743P9190571 ants.jpg
19092026-140744p9190572-ants	19092026_140744P9190572 ants.jpg
19092026-140744p9190573-ants	19092026_140744P9190573 ants.jpg
19092026-140746p9190574-ants	19092026_140746P9190574 ants.jpg
19092026-140747p9190575-ants	19092026_140747P9190575 ants.jpg
19092026-140750p9190578-ants	19092026_140750P9190578 ants.jpg
19092026-140755p9190583-ants	19092026_140755P9190583 ants.jpg
19092026-140756p9190586-ants	19092026_140756P9190586 ants.jpg
19092026-140808p9190600-ants	19092026_140808P9190600 ants.jpg
19092026-140817p9190606-ants	19092026_140817P9190606 ants.jpg
19092026-140817p9190607-ants	19092026_140817P9190607 ants.jpg
19092026-140819p9190611-ants	19092026_140819P9190611 ants.jpg
25092026-174459p9250013	25092026_174459P9250013.jpg
25092026-175348p9250067	25092026_175348P9250067.jpg
25092026-175348p9250067-10stacked	25092026_175348P9250067 10stacked.jpg
24092026-185400p9240322-drops-on-polariser	24092026_185400P9240322 drops on polariser.jpg
20092026-114444p9200084-fluids-3	20092026_114444P9200084 fluids 3.jpg
20092026-114701p9200120-fluids-3	20092026_114701P9200120 fluids 3.jpg
20092026-114703p9200140-fluids-3	20092026_114703P9200140 fluids 3.jpg
20092026-114703p9200144-fluids-3	20092026_114703P9200144 fluids 3.jpg
20092026-114703p9200145-fluids-3	20092026_114703P9200145 fluids 3.jpg
20092026-114703p9200148-fluids-3	20092026_114703P9200148 fluids 3.jpg
20092026-114704p9200152-fluids-3	20092026_114704P9200152 fluids 3.jpg
20092026-114807p9200179-fluids-3	20092026_114807P9200179 fluids 3.jpg
20092026-114807p9200181-fluids-3	20092026_114807P9200181 fluids 3.jpg
20092026-114808p9200185-fluids-3	20092026_114808P9200185 fluids 3.jpg
20092026-114808p9200191-fluids-3	20092026_114808P9200191 fluids 3.jpg
20092026-114826p9200193-fluids-3	20092026_114826P9200193 fluids 3.jpg
20092026-114829p9200203-fluids-3	20092026_114829P9200203 fluids 3.jpg
20092026-114848p9200226-fluids-3	20092026_114848P9200226 fluids 3.jpg
20092026-114850p9200244-fluids-3	20092026_114850P9200244 fluids 3.jpg
20092026-115620p9200305-fluids-3	20092026_115620P9200305 fluids 3.jpg
20092026-115637p9200307-fluids-3	20092026_115637P9200307 fluids 3.jpg
20092026-120040p9200313-fluids-3	20092026_120040P9200313 fluids 3.jpg
26092026-082303p9260062-boronia-park-reserve-23-stacked	26092026_082303P9260062 Boronia Park Reserve 23 stacked --- .jpg
26092026-082303p9260062-boronia-park-reserve	26092026_082303P9260062 Boronia Park Reserve.jpg
26092026-093849p9260136-boronia-park-reserve	26092026_093849P9260136 Boronia Park Reserve.jpg
26092026-094554p9260195-boronia-park-reserve-40stacked	26092026_094554P9260195 Boronia Park Reserve 40stacked --- .jpg
26092026-094554p9260195-boronia-park-reserve	26092026_094554P9260195 Boronia Park Reserve.jpg
26092026-095000p9260226-boronia-park-reserve	26092026_095000P9260226 Boronia Park Reserve.jpg
26092026-095012p9260261-boronia-park-reserve	26092026_095012P9260261 Boronia Park Reserve.jpg
26092026-095032p9260263-boronia-park-reserve	26092026_095032P9260263 Boronia Park Reserve.jpg
26092026-095531p9260330-boronia-park-reserve-50stacked	26092026_095531P9260330 Boronia Park Reserve 50stacked --- .jpg
26092026-095531p9260330-boronia-park-reserve	26092026_095531P9260330 Boronia Park Reserve.jpg
26092026-095539p9260343-boronia-park-reserve	26092026_095539P9260343 Boronia Park Reserve.jpg
26092026-095617p9260351-boronia-park-reserve	26092026_095617P9260351 Boronia Park Reserve.jpg
26092026-095628p9260353-boronia-park-reserve	26092026_095628P9260353 Boronia Park Reserve.jpg
26092026-100049p9260375-boronia-park-reserve	26092026_100049P9260375 Boronia Park Reserve.jpg
26092026-100456p9260521-boronia-park-reserve	26092026_100456P9260521 Boronia Park Reserve.jpg
26092026-100510p9260527-boronia-park-reserve	26092026_100510P9260527 Boronia Park Reserve.jpg
26092026-100517p9260528-boronia-park-reserve	26092026_100517P9260528 Boronia Park Reserve.jpg
26092026-101617p9260670-boronia-park-reserve-seed-pod-31stacked	26092026_101617P9260670 Boronia Park Reserve seed pod 31stacked --- .jpg
26092026-101617p9260670-boronia-park-reserve	26092026_101617P9260670 Boronia Park Reserve.jpg
26092026-101723p9260730-boronia-park-reserve-snail-shell-22stacked	26092026_101723P9260730 Boronia Park Reserve snail shell 22stacked ---.jpg
26092026-101723p9260730-boronia-park-reserve	26092026_101723P9260730 Boronia Park Reserve.jpg
26092026-101803p9260821-boronia-park-reserve-snail-shell-42stacked	26092026_101803P9260821 Boronia Park Reserve snail shell 42stacked ---.jpg
26092026-101803p9260821-boronia-park-reserve	26092026_101803P9260821 Boronia Park Reserve.jpg
26092026-102753p9261010-boronia-park-reserve-10stacked	26092026_102753P9261010 Boronia Park Reserve 10stacked ---.jpg
26092026-102753p9261010-boronia-park-reserve	26092026_102753P9261010 Boronia Park Reserve.jpg
20260926-143832p9260094-flower-33stacked	20260926_143832P9260094 flower 33stacked ---.jpg
20260926-143832p9260094	20260926_143832P9260094.jpg
20260926-145309p9260265-seed-base-20stacked	20260926_145309P9260265 seed base 20stacked ---.jpg
20260926-145309p9260265	20260926_145309P9260265.jpg
20260926-145730p9260352-seeds-18stacked	20260926_145730P9260352 seeds 18stacked.jpg
20260926-145730p9260352	20260926_145730P9260352.jpg
20260926-150310p9260463-01-flower-60stacked	20260926_150310P9260463_01 flower 60stacked --- .jpg
20260926-150310p9260463-01	20260926_150310P9260463_01.jpg
20260926-150556p9260541-01-barbs-31stacked	20260926_150556P9260541_01 barbs 31stacked ---.jpg
20260926-150556p9260541-01	20260926_150556P9260541_01.jpg
20260926-183141p9260001-03-seed-base-in-purple-23stacked	20260926_183141P9260001_03 seed base in purple 23stacked.jpg
20260926-183141p9260001-03	20260926_183141P9260001_03.jpg
20260926-183357p9260145-01-green-light-seed-base-50stacked	20260926_183357P9260145_01 green light seed base 50stacked ---.jpg
20260926-183357p9260145-01	20260926_183357P9260145_01.jpg
20260926-183521p9260242-01-seed-base-70stacked	20260926_183521P9260242_01 seed base 70stacked ---.jpg
20260926-183521p9260242-01	20260926_183521P9260242_01.jpg
20260926-183643p9260348-01-seed-base-natural-light-52stacked	20260926_183643P9260348_01 seed base natural light 52stacked -- .jpg
20260926-183643p9260348-01	20260926_183643P9260348_01.jpg
